player_name,draft_year,breakout_age,breakout_score_new
Henry Ruggs III,2020,,25
Jerry Jeudy,2020,19.0,90
CeeDee Lamb,2020,19.0,90
Jalen Reagor,2020,19.0,90
Justin Jefferson,2020,19.0,90
Brandon Aiyuk,2020,21.0,60
Tee Higgins,2020,19.0,90
Michael Pittman Jr.,2020,20.0,75
Laviska Shenault Jr.,2020,19.0,90
KJ Hamler,2020,19.0,90
Chase Claypool,2020,21.0,60
Van Jefferson,2020,,25
Denzel Mims,2020,19.0,90
Lynn Bowden Jr.,2020,20.0,75
Bryan Edwards,2020,18.0,100
Devin Duvernay,2020,21.0,60
Gabriel Davis,2020,19.0,90
Antonio Gandy-Golden,2020,20.0,75
Joe Reed,2020,,25
Tyler Johnson,2020,19.0,90
Collin Johnson,2020,19.0,90
Quintez Cephus,2020,21.0,60
John Hightower,2020,23.0,30
Isaiah Coulter,2020,,25
Darnell Mooney,2020,19.0,90
K.J. Osborn,2020,,25
Donovan Peoples-Jones,2020,19.0,90
Quez Watkins,2020,20.0,75
James Proche,2020,20.0,75
Isaiah Hodgins,2020,19.0,90
Dezmon Patmon,2020,,25
Freddie Swain,2020,,25
Jauan Jennings,2020,22.0,45
K.J. Hill,2020,,25
Tyrie Cleveland,2020,19.0,90
Ja'Marr Chase,2021,19.0,90
Jaylen Waddle,2021,,25
DeVonta Smith,2021,20.0,75
Kadarius Toney,2021,21.0,60
Rashod Bateman,2021,18.0,100
Elijah Moore,2021,19.0,90
Rondale Moore,2021,18.0,100
D'Wayne Eskridge,2021,20.0,75
Tutu Atwell,2021,19.0,90
Terrace Marshall Jr.,2021,20.0,75
Josh Palmer,2021,18.0,100
Dyami Brown,2021,19.0,90
Amari Rodgers,2021,20.0,75
Nico Collins,2021,19.0,90
Anthony Schwartz,2021,20.0,75
Dez Fitzpatrick,2021,21.0,60
Amon-Ra St. Brown,2021,18.0,100
Jaelon Darden,2021,20.0,75
Tylan Wallace,2021,20.0,75
Jacob Harris,2021,,25
Ihmir Smith-Marsette,2021,20.0,75
Simi Fehoko,2021,22.0,45
Cornell Powell,2021,22.0,45
Frank Darby,2021,,25
Marquez Stevenson,2021,20.0,75
Shi Smith,2021,21.0,60
Racey McMath,2021,,25
Jalen Camp,2021,,25
Seth Williams,2021,19.0,90
Dazz Newsome,2021,20.0,75
Mike Strachan,2021,,25
Tre Nixon,2021,21.0,60
Ben Skowronek,2021,,25
Kawaan Baker,2021,20.0,75
Dax Milne,2021,21.0,60
Drake London,2022,19.0,90
Garrett Wilson,2022,20.0,75
Chris Olave,2022,19.0,90
Jameson Williams,2022,20.0,75
Jahan Dotson,2022,20.0,75
Treylon Burks,2022,19.0,90
Christian Watson,2022,,25
Wan'Dale Robinson,2022,20.0,75
John Metchie,2022,21.0,60
Tyquan Thornton,2022,18.0,100
George Pickens,2022,18.0,100
Alec Pierce,2022,19.0,90
Skyy Moore,2022,18.0,100
Velus Jones Jr.,2022,24.0,15
Jalen Tolbert,2022,20.0,75
David Bell,2022,18.0,100
Danny Gray,2022,22.0,45
Erik Ezukanma,2022,20.0,75
Romeo Doubs,2022,19.0,90
Calvin Austin III,2022,21.0,60
Khalil Shakir,2022,19.0,90
Montrell Washington,2022,,25
Kyle Philips,2022,20.0,75
Jalen Nailor,2022,21.0,60
Michael Woods II,2022,,25
Bo Melton,2022,20.0,75
Dareke Young,2022,,25
Samori Toure,2022,23.0,30
Jaxon Smith-Njigba,2023,19.0,90
Quentin Johnston,2023,19.0,90
Zay Flowers,2023,19.0,90
Jordan Addison,2023,,25
Jonathan Mingo,2023,21.0,60
Jayden Reed,2023,20.0,75
Rashee Rice,2023,20.0,75
Marvin Mims,2023,19.0,90
Tank Dell,2023,20.0,75
Jalin Hyatt,2023,20.0,75
Cedric Tillman,2023,21.0,60
Josh Downs,2023,20.0,75
Michael Wilson,2023,19.0,90
Tre Tucker,2023,21.0,60
Derius Davis,2023,,25
Charlie Jones,2023,23.0,30
Tyler Scott,2023,20.0,75
Justin Shorter,2023,,25
Dontayvion Wicks,2023,20.0,75
Puka Nacua,2023,20.0,75
Parker Washington,2023,18.0,100
Kayshon Boutte,2023,18.0,100
Trey Palmer,2023,21.0,60
A.T. Perry,2023,21.0,60
Elijah Higgins,2023,21.0,60
Xavier Hutchinson,2023,20.0,75
Andrei Iosivas,2023,,25
DeMario Douglas,2023,20.0,75
Antoine Green,2023,,25
Colton Dowell,2023,,25
Jalen Brooks,2023,,25
Ronnie Bell,2023,19.0,90
Grant Dubose,2023,20.0,75
Marvin Harrison Jr.,2024,20.0,75
Malik Nabers,2024,19.0,90
Rome Odunze,2024,20.0,75
Brian Thomas,2024,20.0,75
Xavier Worthy,2024,18.0,100
Ricky Pearsall,2024,21.0,60
Xavier Legette,2024,22.0,45
Keon Coleman,2024,,25
Ladd McConkey,2024,,25
Ja'Lynn Polk,2024,21.0,60
Adonai Mitchell,2024,20.0,75
Malachi Corley,2024,20.0,75
Jermaine Burton,2024,22.0,45
Roman Wilson,2024,22.0,45
Jalen McMillan,2024,20.0,75
Luke McCaffrey,2024,21.0,60
Troy Franklin,2024,19.0,90
Javon Baker,2024,,25
Devontez Walker,2024,,25
Jacob Cowing,2024,21.0,60
Anthony Gould,2024,22.0,45
Ainias Smith,2024,19.0,90
Jamari Thrash,2024,22.0,45
Bub Means,2024,22.0,45
Jha'Quan Jackson,2024,20.0,75
Malik Washington,2024,22.0,45
Johnny Wilson,2024,21.0,60
Casey Washington,2024,22.0,45
Tejhaun Palmer,2024,23.0,30
Jordan Whittington,2024,21.0,60
Ryan Flournoy,2024,,25
Brenden Rice,2024,,25
Devaughn Vele,2024,25.0,10
Tahj Washington,2024,22.0,45
Cornelius Johnson,2024,,25
Travis Hunter,2025,,25
Tetairoa McMillan,2025,,25
Emeka Egbuka,2025,,25
Matthew Golden,2025,,25
Jayden Higgins,2025,,25
Luther Burden,2025,,25
Tre Harris,2025,,25
Jack Bech,2025,,25
Kyle Williams,2025,,25
Isaac TeSlaa,2025,,25
Pat Bryant,2025,,25
Jaylin Noel,2025,,25
Savion Williams,2025,,25
Tai Felton,2025,,25
Chimere Dike,2025,,25
Dont'e Thornton,2025,,25
Arian Smith,2025,,25
Jaylin Lane,2025,,25
Jalen Royals,2025,,25
Elic Ayomanor,2025,,25
Jordan Watkins,2025,,25
KeAndre Lambert-Smith,2025,,25
Tory Horton,2025,,25
LaJohntay Wester,2025,,25
Jimmy Horn,2025,,25
Tez Johnson,2025,,25
Ricky White,2025,,25
Kaden Prather,2025,,25
Konata Mumpfield,2025,,25
Dominic Lovett,2025,,25
Junior Bergen,2025,,25
