player_name,position,draft_year,pick,seasons_played,best_rank,best_ppr,hit24,hit12,RAS,breakout_age,best_ppg,dc_raw,breakout_score,dc_norm,breakout_norm,ras_norm,slap_score,athletic_status,athletic_contrib,delta
Henry Ruggs III,WR,2020,12,2,88.0,84.50000095367432,0,0,9.54,,4.970588291392607,0.2886751345948129,25,83.35765373072088,25.96215469072998,65.90525238182086,60.65136886438906,observed,9.885787857273128,-22.70628486633182
Jerry Jeudy,WR,2020,15,3,24.0,204.2,1,0,6.76,19.0,12.011764705882353,0.2581988897471611,90,77.23562965225682,63.62218280635726,42.63556349512313,67.2809133326219,observed,6.39533452426847,-9.954716319634912
CeeDee Lamb,WR,2020,17,3,4.0,340.70000000000005,1,1,7.44,19.0,20.041176470588237,0.24253562503633297,90,74.08921564402198,63.62218280635726,48.327429841509634,66.56148628046246,observed,7.249114476226445,-7.527729363559516
Jalen Reagor,WR,2020,21,3,91.0,87.19999933242798,0,0,6.03,19.0,5.12941172543694,0.2182178902359924,90,69.20430417525029,63.62218280635726,36.52517756444351,62.3486927045167,observed,5.478776634666526,-6.855611470733585
Justin Jefferson,WR,2020,22,4,1.0,380.28,1,1,9.69,19.0,22.36941176470588,0.21320071635561041,90,68.19646152747387,63.62218280635726,67.16081113470024,66.440116416167,observed,10.074121670205036,-1.7563451113068709
Brandon Aiyuk,WR,2020,25,3,16.0,244.7,1,0,8.47,21.0,14.394117647058822,0.2,60,65.54472067862557,46.24063136837544,56.948933277948,57.49892130993639,observed,8.5423399916922,-8.045799368689174
Tee Higgins,WR,2020,33,3,11.0,279.99999952316284,1,1,4.12,19.0,16.470588207244873,0.17407765595569785,90,60.33747762086823,63.62218280635726,20.53772944444614,55.517162209326074,observed,3.080659416666921,-4.820315411542154
Michael Pittman Jr.,WR,2020,34,3,19.0,238.59999918937683,1,0,8.27,20.0,14.035294069963342,0.17149858514250882,75,59.81939759830194,54.931407087366345,55.2748549407755,57.42691952084551,observed,8.291228241116324,-2.392478077456431
Laviska Shenault Jr.,WR,2020,42,3,47.0,157.09999978542328,0,0,6.97,19.0,9.241176457966075,0.1543033499620919,90,56.365243573237535,63.62218280635726,44.39334574915425,57.10938763121694,observed,6.659001862373137,0.7441440579794047
KJ Hamler,WR,2020,46,3,87.0,90.1000007390976,0,0,,19.0,5.300000043476329,0.14744195615489714,90,54.98693668833577,63.62218280635726,,57.26123232639292,imputed_avg,7.5,2.274295638057154
Chase Claypool,WR,2020,49,3,18.0,237.7999966740608,1,0,9.98,21.0,13.988235098474163,0.14285714285714285,60,54.065946010369196,46.24063136837544,69.58822472360038,53.655427692656055,observed,10.438233708540055,-0.41051831771314085
Van Jefferson,WR,2020,57,3,37.0,188.90000021457672,0,0,,,11.111764718504514,0.13245323570650439,25,51.9760241579655,25.96215469072998,,42.57476622073824,imputed_avg,7.5,-9.401257937227257
Denzel Mims,WR,2020,59,3,106.0,60.69999980926514,0,0,9.77,19.0,3.57058822407442,0.13018891098082389,90,51.521169875183155,63.62218280635726,67.83044246956925,58.202915290252,observed,10.174566370435388,6.681745415068846
Lynn Bowden Jr.,WR,2020,80,1,113.0,53.57999923825264,0,0,,20.0,3.1517646610736847,0.11180339887498948,75,47.827914739274135,54.931407087366345,,50.63994985021529,imputed_avg,7.5,2.812035110941153
Bryan Edwards,WR,2020,81,3,63.0,116.19999945163728,0,0,,18.0,6.835294085390428,0.1111111111111111,100,47.688848972448994,69.41603328568453,,55.64003613621408,imputed_avg,7.5,7.951187163765084
Devin Duvernay,WR,2020,92,3,64.0,116.1,0,0,7.86,21.0,6.829411764705882,0.10425720702853739,60,46.31204661261914,46.24063136837544,51.84299434957188,47.11669343767675,observed,7.776449152435782,0.8046468250576098
Gabriel Davis,WR,2020,128,3,27.0,200.3,0,0,6.85,19.0,11.782352941176471,0.08838834764831843,90,43.12433304393299,63.62218280635726,43.38889874685075,50.33826531621915,observed,6.508334812027612,7.213932272286158
Antonio Gandy-Golden,WR,2020,142,1,196.0,3.5,0,0,6.13,20.0,0.20588235294117646,0.08391813582966891,75,42.22636334568404,54.931407087366345,37.362216733029754,45.943506663374706,observed,5.604332509954463,3.717143317690663
Joe Reed,WR,2020,151,1,182.0,8.900000095367432,0,0,9.35,,0.5235294173745548,0.08137884587711594,25,41.7162744449864,25.96215469072998,64.314877961507,39.59212305847474,observed,9.647231694226049,-2.124151386511656
Tyler Johnson,WR,2020,161,6,47.0,125.50000029802322,0,0,,19.0,7.382352958707249,0.07881104062391006,90,41.20045743184988,63.62218280635726,,50.367992698149976,imputed_avg,7.5,9.1675352663001
Collin Johnson,WR,2020,165,3,108.0,59.20000088214874,0,0,,19.0,3.482352993067573,0.0778498944161523,90,41.00738376886312,63.62218280635726,,50.271455866656595,imputed_avg,7.5,9.264072097793473
Quintez Cephus,WR,2020,166,3,100.0,66.89999985694885,0,0,4.5,21.0,3.9352941092322853,0.07761505257063328,60,40.96020907788379,46.24063136837544,23.718478285073886,40.22209726063438,observed,3.5577717427610827,-0.7381118172494112
John Hightower,WR,2020,168,1,142.0,28.800000227987766,0,0,8.02,23.0,1.6941176604698687,0.07715167498104596,30,40.867126456482914,28.85907993039362,53.18225701930987,38.5115797567757,observed,7.97733855289648,-2.3555466997072116
Isaiah Coulter,WR,2020,171,1,226.0,0.0,0,0,6.68,,0.0,0.07647191129018725,25,40.7305765073699,25.96215469072998,41.96593216025413,35.746932219478566,observed,6.294889824038119,-4.983644287891337
Darnell Mooney,WR,2020,173,3,26.0,219.70000064373016,0,0,7.04,19.0,12.923529449631186,0.07602859212697055,90,40.641523193707926,63.62218280635726,44.97927316716463,49.335416554153696,observed,6.746890975074694,8.69389336044577
K.J. Osborn,WR,2020,176,2,42.0,165.6,0,0,,,9.741176470588234,0.07537783614444091,25,40.51080027117707,25.96215469072998,,36.84215427734403,imputed_avg,7.5,-3.6686459938330387
Donovan Peoples-Jones,WR,2020,187,3,40.0,167.1,0,0,9.63,19.0,9.829411764705881,0.07312724241271307,90,40.058704250641924,63.62218280635726,66.6585876335485,52.29590425257828,observed,9.998788145032275,12.237200001936358
Quez Watkins,WR,2020,200,3,60.0,121.49999976158142,0,0,7.4,20.0,7.14705880950479,0.07071067811865475,75,39.57326830309206,54.931407087366345,47.99261417407513,46.21151875823552,observed,7.198892126111269,6.638250455143464
James Proche,WR,2020,201,3,132.0,36.20000004768372,0,0,4.04,20.0,2.129411767510807,0.07053456158585983,75,39.53789026817417,54.931407087366345,19.868098109577137,41.975152331101874,observed,2.98021471643657,2.437262062927701
Isaiah Hodgins,WR,2020,207,1,56.0,126.0,0,0,7.56,19.0,7.411764705882353,0.06950480468569159,90,39.33103418832219,63.62218280635726,49.33187684381313,49.33306260295811,observed,7.399781526571969,10.002028414635916
Dezmon Patmon,WR,2020,212,2,178.0,10.09999966621399,0,0,8.46,,0.5941176274243523,0.06868028197434452,25,39.16540525610497,25.96215469072998,56.86522936108938,37.19924117397139,observed,8.529784404163408,-1.9661640821335808
Freddie Swain,WR,2020,214,3,85.0,86.49999970197678,0,0,8.29,,5.088235276586869,0.06835859270246633,25,39.100784779465975,25.96215469072998,55.44226277449275,36.953485947662394,observed,8.316339416173912,-2.1472988318035817
Jauan Jennings,WR,2020,217,2,77.0,93.3,0,0,2.7,22.0,5.488235294117647,0.06788442333021306,45,39.00553432033901,37.549855649384526,8.651773250521394,33.94298262503229,observed,1.297765987578209,-5.062551695306716
K.J. Hill,WR,2020,220,4,125.0,14.300000071525574,0,0,3.89,,0.841176474795622,0.06741998624632421,25,38.91223886925202,25.96215469072998,18.612539356697763,31.33475447988617,observed,2.7918809035046643,-7.5774843893658534
Tyrie Cleveland,WR,2020,252,3,169.0,12.299999952316284,0,0,9.65,19.0,0.7235294089597815,0.0629940788348712,90,38.023168976375906,63.62218280635726,66.82599546726576,51.30324779050285,observed,10.023899320089862,13.280078814126945
Ja'Marr Chase,WR,2021,5,3,3.0,375.5999953746796,1,1,9.82,19.0,22.094117374981153,0.4472135954999579,90,115.20463093791166,63.62218280635726,68.24896205386237,90.10742375926023,observed,10.237344308079356,-25.09720717865143
Jaylen Waddle,WR,2021,6,3,11.0,267.40000000000003,1,1,,,15.729411764705885,0.4082482904638631,25,107.37733670110053,25.96215469072998,,98.77073619593546,elite_optout_full,0.0,-8.606600505165076
DeVonta Smith,WR,2021,10,3,8.0,295.3,1,1,,20.0,17.370588235294118,0.31622776601683794,75,88.89238656391242,54.931407087366345,,74.90046301957543,elite_optout,0.0,-13.991923544336998
Kadarius Toney,WR,2021,20,3,91.0,82.3600001335144,0,0,8.99,21.0,4.84470589020673,0.22360679774997896,60,70.28682013881998,46.24063136837544,61.3015369545965,60.52286159153086,observed,9.195230543189474,-9.763958547289114
Rashod Bateman,WR,2021,27,3,71.0,103.49999952316284,0,0,8.04,18.0,6.088235266068402,0.19245008972987526,100,64.02810560039002,69.41603328568453,53.34966485302712,64.31211417813867,observed,8.002449727954067,0.28400857774865074
Elijah Moore,WR,2021,34,3,54.0,138.19999998807907,0,0,8.69,19.0,8.12941176400465,0.17149858514250882,90,59.81939759830194,63.62218280635726,58.790419448837746,60.99602569870167,observed,8.81856291732566,1.176628100399732
Rondale Moore,WR,2021,49,3,62.0,119.29999947547913,0,0,9.33,18.0,7.01764702796936,0.14285714285714285,100,54.065946010369196,69.41603328568453,64.14747012778975,60.950705174342644,observed,9.622120519168462,6.884759163973449
D'Wayne Eskridge,WR,2021,56,3,146.0,28.299999833106995,0,0,6.71,20.0,1.6647058725357056,0.1336306209562122,75,52.21253560760018,54.931407087366345,42.21704391083001,51.664816871002806,observed,6.332556586624501,-0.5477187365973748
Tutu Atwell,WR,2021,57,2,59.0,123.2,0,0,6.25,19.0,7.247058823529412,0.13245323570650439,90,51.9760241579655,63.62218280635726,38.366663735333255,54.01077562150777,observed,5.754999560299988,2.034751463542271
Terrace Marshall Jr.,WR,2021,59,3,90.0,83.0,0,0,9.76,20.0,4.882352941176471,0.13018891098082389,75,51.521169875183155,54.931407087366345,67.74673855271061,55.14858820107639,observed,10.162010782906592,3.627418325893238
Josh Palmer,WR,2021,77,3,39.0,174.4,0,0,7.59,18.0,10.258823529411766,0.11396057645963795,100,48.26124545901202,69.41603328568453,49.582988594389,55.863682668653944,observed,7.4374482891583495,7.602437209641927
Dyami Brown,WR,2021,82,3,133.0,34.96,0,0,8.38,19.0,2.0564705882352943,0.11043152607484653,90,47.552334911212995,63.62218280635726,56.19559802622038,54.473271141764585,observed,8.429339703933056,6.92093623055159
Amari Rodgers,WR,2021,85,3,123.0,43.1,0,0,5.35,20.0,2.5352941176470587,0.10846522890932808,75,47.157347974571195,54.931407087366345,30.83331121805701,47.42966315057237,observed,4.624996682708551,0.2723151760011717
Nico Collins,WR,2021,89,3,7.0,294.2,1,1,9.57,19.0,17.305882352941175,0.105999788000636,90,46.662093763217584,63.62218280635726,66.15636413239675,55.522265483693346,observed,9.92345461985951,8.860171720475762
Anthony Schwartz,WR,2021,91,2,137.0,33.39999985694885,0,0,6.89,20.0,1.9647058739381678,0.10482848367219183,75,46.42680384026971,54.931407087366345,43.723714414285254,48.99795156285587,observed,6.558557162142788,2.5711477225861543
Dez Fitzpatrick,WR,2021,109,1,163.0,15.900000095367432,0,0,8.81,21.0,0.9352941232569078,0.09578262852211514,60,44.609685513654924,46.24063136837544,59.79486645114125,47.45829370343005,observed,8.969229967671188,2.8486081897751276
Amon-Ra St. Brown,WR,2021,112,3,6.0,333.2,1,1,7.13,18.0,19.599999999999998,0.0944911182523068,100,44.350248794699716,69.41603328568453,45.732608418892255,53.330627310173284,observed,6.859891262833838,8.980378515473568
Jaelon Darden,WR,2021,129,2,175.0,11.399999976158142,0,0,7.14,20.0,0.6705882338916554,0.08804509063256238,75,43.05538007003266,54.931407087366345,45.81631233575088,47.62612936595718,observed,6.872446850362632,4.5707492959245215
Tylan Wallace,WR,2021,131,3,179.0,8.1,0,0,4.71,20.0,0.4764705882352941,0.0873704056661038,75,42.91985032774699,54.931407087366345,25.47626053910501,44.50735672531747,observed,3.8214390808657512,1.587506397570479
Jacob Harris,WR,2021,141,1,212.0,1.6,0,0,9.88,,0.09411764705882353,0.0842151921066519,25,42.28603558186143,25.96215469072998,68.75118555501413,40.54244976593832,observed,10.312677833252119,-1.7435858159231046
Ihmir Smith-Marsette,WR,2021,157,3,141.0,32.5,0,0,6.81,20.0,1.911764705882353,0.07980868844676221,75,41.40086348659381,54.931407087366345,43.05408307941625,46.384536685787566,observed,6.458112461912438,4.983673199193753
Simi Fehoko,WR,2021,179,2,180.0,7.9,0,0,9.18,22.0,0.4647058823529412,0.07474350927519359,45,40.383377605210136,37.549855649384526,62.89191137491037,42.767924986126204,observed,9.433786706236555,2.384547380916068
Cornell Powell,WR,2021,181,0,,0.0,0,0,7.57,22.0,0.0,0.07432941462471664,45,40.30019486948741,37.549855649384526,49.41558076067175,40.70488402612905,observed,7.412337114100763,0.40468915664163774
Frank Darby,WR,2021,187,2,206.0,2.5,0,0,5.89,,0.14705882352941177,0.07312724241271307,25,40.058704250641924,25.96215469072998,35.353322728422754,34.41910467633987,observed,5.302998409263413,-5.6395995743020535
Marquez Stevenson,WR,2021,203,0,,0.0,0,0,5.37,20.0,0.0,0.07018624063435965,75,39.467920058170364,54.931407087366345,31.00071905177426,43.61006036742954,observed,4.650107857766139,4.142140309259176
Shi Smith,WR,2021,204,2,106.0,61.6,0,0,6.78,21.0,3.623529411764706,0.07001400420140048,60,39.43332145210732,46.24063136837544,42.802971328840385,42.32132740431113,observed,6.4204456993260575,2.8880059522038053
Racey McMath,WR,2021,205,2,182.0,6.4,0,0,7.43,,0.3764705882352941,0.06984302957695782,25,39.3989763163179,25.96215469072998,48.243725924651,36.02280118861209,observed,7.23655888869765,-3.3761751277058067
Jalen Camp,WR,2021,209,1,209.0,1.7000000000000002,0,0,9.75,,0.1,0.06917144638660747,25,39.26406965434004,25.96215469072998,67.663034635852,38.86824416430331,observed,10.149455195377799,-0.39582549003672796
Seth Williams,WR,2021,219,1,202.0,4.400000095367432,0,0,6.86,19.0,0.25882353502161365,0.06757373783994859,90,38.94312426746876,63.62218280635726,43.47260266370938,48.26021651551582,observed,6.520890399556407,9.31709224804706
Dazz Newsome,WR,2021,221,1,204.0,4.299999952316284,0,0,2.13,20.0,0.25294117366566377,0.06726727939963124,75,38.881563338290974,54.931407087366345,3.880649989579773,39.24887164816067,observed,0.5820974984369659,0.3673083098696992
Mike Strachan,WR,2021,229,3,175.0,8.9,0,0,9.22,,0.5235294117647059,0.06608186004550898,25,38.64343800935718,25.96215469072998,63.226727042344876,37.892482202785814,observed,9.48400905635173,-0.7509558065713691
Tre Nixon,WR,2021,242,0,,0.0,0,0,8.97,21.0,0.0,0.0642824346533225,60,38.281972033695354,46.24063136837544,61.13412912087925,44.49532636391097,observed,9.170119368131887,6.213354330215616
Ben Skowronek,WR,2021,249,3,88.0,84.30000000000001,0,0,,,4.958823529411766,0.06337242505244779,25,38.09917061849352,25.96215469072998,,35.63633945100225,imputed_avg,7.5,-2.4628311674912666
Kawaan Baker,WR,2021,255,0,,0.0,0,0,9.08,20.0,0.0,0.06262242910851495,75,37.94851251574956,54.931407087366345,62.05487220632412,47.508479569401615,observed,9.308230830948618,9.559967053652052
Dax Milne,WR,2021,258,2,157.0,15.7,0,0,4.56,21.0,0.9235294117647058,0.062257280636469035,60,37.87516201770578,46.24063136837544,24.220701786225632,38.75490725571814,observed,3.6331052679338445,0.8797452380123545
Drake London,WR,2022,8,3,7.0,280.8,1,1,,19.0,16.51764705882353,0.35355339059327373,90,96.3903041565471,63.62218280635726,,82.88983816026888,elite_optout,0.0,-13.500465996278223
Garrett Wilson,WR,2022,10,3,16.0,251.9,1,0,7.77,20.0,14.81764705882353,0.31622776601683794,75,88.89238656391242,54.931407087366345,51.08965909784425,71.33563462721106,observed,7.663448864676637,-17.55675193670136
Chris Olave,WR,2022,11,3,21.0,231.3,1,0,8.64,19.0,13.605882352941178,0.30151134457776363,90,85.93617306552338,63.62218280635726,58.37189986454463,73.99163549466842,observed,8.755784979681694,-11.944537570854962
Jameson Williams,WR,2022,12,6,6.0,294.1,1,1,,20.0,17.3,0.2886751345948129,75,83.35765373072088,54.931407087366345,,71.64604011365881,elite_optout,0.0,-11.71161361706207
Jahan Dotson,WR,2022,16,3,54.0,130.6,0,0,6.33,20.0,7.68235294117647,0.25,75,75.58864851334988,54.931407087366345,39.03629507020226,62.8757609977835,observed,5.855444260530338,-12.71288751556638
Treylon Burks,WR,2022,18,3,83.0,88.1,0,0,5.79,19.0,5.18235294117647,0.23570226039551587,90,72.7165392176075,63.62218280635726,34.51628355983651,63.803476125004266,observed,5.177442533975476,-8.913063092603238
Christian Watson,WR,2022,34,3,43.0,164.10000000000002,0,0,9.96,,9.65294117647059,0.17149858514250882,25,59.81939759830194,25.96215469072998,69.42081688988313,49.40957547438893,observed,10.413122533482468,-10.40982212391301
Wan'Dale Robinson,WR,2022,43,3,39.0,182.7,0,0,7.36,20.0,10.74705882352941,0.15249857033260467,75,56.00270204611453,54.931407087366345,47.65779850664063,54.37601327963158,observed,7.148669775996095,-1.6266887664829497
John Metchie,WR,2022,44,2,101.0,65.7,0,0,,21.0,3.864705882352941,0.15075567228888181,60,55.65259120262584,46.24063136837544,,51.51051658024433,imputed_avg,7.5,-4.142074622381514
Tyquan Thornton,WR,2022,50,3,100.0,66.3,0,0,8.54,18.0,3.9,0.1414213562373095,100,53.77752726645582,69.41603328568453,57.534860695958365,59.81460438761125,observed,8.630229104393754,6.037077121155427
George Pickens,WR,2022,52,3,29.0,218.3,0,0,9.35,18.0,12.841176470588236,0.1386750490563073,100,53.22585304369639,69.41603328568453,64.314877961507,60.55576986606383,observed,9.647231694226049,7.329916822367437
Alec Pierce,WR,2022,53,3,43.0,161.4,0,0,9.83,19.0,9.494117647058824,0.13736056394868904,90,52.961801172481636,63.62218280635726,68.332665970721,58.99856446407401,observed,10.249899895608149,6.036763291592372
Skyy Moore,WR,2022,54,3,104.0,62.8,0,0,7.58,18.0,3.6941176470588233,0.13608276348795434,100,52.7051184601857,69.41603328568453,49.499284677530376,58.07306358171199,observed,7.424892701629556,5.36794512152629
Velus Jones Jr.,WR,2022,71,3,105.0,38.0,0,0,7.1,24.0,2.235294117647059,0.11867816581938533,15,49.208908000675336,20.16830421140271,45.481496668316375,38.48558497457607,observed,6.822224500247456,-10.723323026099266
Jalen Tolbert,WR,2022,88,3,46.0,152.0,0,0,8.62,20.0,8.941176470588236,0.10660035817780521,75,46.78273543360109,54.931407087366345,58.20449203082737,51.34803400200287,observed,8.730673804624105,4.565298568401779
David Bell,WR,2022,99,3,99.0,62.1,0,0,3.98,18.0,3.652941176470588,0.10050378152592121,100,45.558063914993326,69.41603328568453,19.365874608425386,49.97952479875006,observed,2.904881191263808,4.421460883756737
Danny Gray,WR,2022,105,1,203.0,2.9,0,0,6.76,22.0,0.17058823529411765,0.09759000729485333,45,44.97274915292282,37.549855649384526,42.63556349512313,42.024158578014465,observed,6.39533452426847,-2.9485905749083585
Erik Ezukanma,WR,2022,125,3,195.0,2.2,0,0,7.03,20.0,0.12941176470588237,0.08944271909999159,75,43.33613365936497,54.931407087366345,44.895569250306,47.6283946978066,observed,6.7343353875459,4.29226103844163
Romeo Doubs,WR,2022,132,3,30.0,213.8,0,0,,19.0,12.576470588235296,0.08703882797784893,90,42.85324348029826,63.62218280635726,,51.194385722374165,imputed_avg,7.5,8.341142242075904
Calvin Austin III,WR,2022,138,2,65.0,124.3,0,0,9.05,21.0,7.311764705882353,0.08512565307587486,60,42.4689276672856,46.24063136837544,61.803760455748254,46.68924888093643,observed,9.270564068362237,4.220321213650834
Khalil Shakir,WR,2022,148,3,27.0,217.9,0,0,8.31,19.0,12.81764705882353,0.08219949365267865,90,41.88112498569597,63.62218280635726,55.60967060821,51.54977706630452,observed,8.3414505912315,9.668652080608553
Montrell Washington,WR,2022,162,2,110.0,56.8,0,0,4.32,,3.341176470588235,0.07856742013183861,25,41.15151929902136,25.96215469072998,22.211807781618642,32.99428495850897,observed,3.3317711672427963,-8.157234340512389
Kyle Philips,WR,2022,163,2,138.0,33.1,0,0,8.31,20.0,1.947058823529412,0.07832604499879574,75,41.103032210673774,54.931407087366345,55.60967060821,48.11895917714661,observed,8.3414505912315,7.015926966472833
Jalen Nailor,WR,2022,191,3,74.0,111.3,0,0,8.09,21.0,6.547058823529412,0.07235746052924216,60,39.90407157692072,46.24063136837544,53.76818443732025,44.2014844329898,observed,8.065227665598037,4.29741285606908
Michael Woods II,WR,2022,202,2,164.0,13.5,0,0,,,0.7941176470588235,0.07035975447302918,25,39.50277526764882,25.96215469072998,,36.338141775579906,imputed_avg,7.5,-3.1646334920689156
Bo Melton,WR,2022,229,2,110.0,56.5,0,0,9.23,20.0,3.323529411764706,0.06608186004550898,75,38.64343800935718,54.931407087366345,63.3104309592035,48.04427612913734,observed,9.496564643880525,9.400838119780154
Dareke Young,WR,2022,233,2,181.0,6.5,0,0,9.93,,0.38235294117647056,0.06551217820804184,25,38.52900114407172,25.96215469072998,69.16970513930724,38.726710484687445,observed,10.375455770896085,0.19770934061572376
Samori Toure,WR,2022,258,2,151.0,19.2,0,0,6.14,23.0,1.1294117647058823,0.062257280636469035,30,37.87516201770578,28.85907993039362,37.44592064988838,34.655147081973915,observed,5.6168880974832565,-3.220014935731868
Jaxon Smith-Njigba,WR,2023,20,2,14.0,253.0,1,0,8.34,19.0,14.882352941176471,0.22360679774997896,90,70.28682013881998,63.62218280635726,55.860782358785876,65.7902914054529,observed,8.37911735381788,-4.496528733367072
Quentin Johnston,WR,2023,21,2,41.0,174.70000000000002,0,0,8.68,19.0,10.276470588235295,0.2182178902359924,90,69.20430417525029,63.62218280635726,58.70671553197912,65.67592339964705,observed,8.806007329796868,-3.528380775603239
Zay Flowers,WR,2023,22,2,19.0,235.4,1,0,8.29,19.0,13.847058823529412,0.21320071635561041,90,68.19646152747387,63.62218280635726,55.44226277449275,64.68233416213589,observed,8.316339416173912,-3.514127365337984
Jordan Addison,WR,2023,23,2,24.0,221.3,1,0,5.94,,13.01764705882353,0.20851441405707477,25,67.25508388550999,25.96215469072998,35.77184231271589,48.08007243141787,observed,5.365776346907383,-19.17501145409212
Jonathan Mingo,WR,2023,39,2,82.0,84.8,0,0,9.87,21.0,4.988235294117647,0.16012815380508713,60,57.535321762246916,46.24063136837544,68.6674816381555,55.252004105778184,observed,10.300122245723324,-2.283317656468732
Jayden Reed,WR,2023,50,2,24.0,225.6,1,0,6.74,20.0,13.270588235294117,0.1414213562373095,75,53.77752726645582,54.931407087366345,42.46815566140588,52.48497946301701,observed,6.370223349210882,-1.2925478034388078
Rashee Rice,WR,2023,55,2,13.0,271.2,1,0,9.53,20.0,15.952941176470588,0.13483997249264842,75,52.45546839877575,54.931407087366345,65.82154846496223,55.32695894971043,observed,9.873232269744335,2.8714905509346806
Marvin Mims,WR,2023,63,2,58.0,132.8,0,0,,19.0,7.811764705882354,0.1259881576697424,90,50.67732861302352,63.62218280635726,,55.106428288736794,imputed_avg,7.5,4.429099675713275
Tank Dell,WR,2023,69,2,41.0,165.0,0,0,,20.0,9.705882352941176,0.1203858530857692,75,49.55194575403208,54.931407087366345,,51.50196535759426,imputed_avg,7.5,1.9500196035621755
Jalin Hyatt,WR,2023,73,2,104.0,60.3,0,0,8.76,20.0,3.5470588235294116,0.11704114719613057,75,48.880066062353926,54.931407087366345,59.376346866848124,52.5724775417824,observed,8.906452030027218,3.692411479428472
Cedric Tillman,WR,2023,74,2,93.0,80.4,0,0,8.67,21.0,4.729411764705882,0.11624763874381928,60,48.72066722972876,46.24063136837544,58.6230116151205,49.338006336063856,observed,8.793451742268074,0.6173391063350948
Josh Downs,WR,2023,79,2,40.0,182.2,0,0,8.99,20.0,10.717647058823529,0.1125087900926024,75,47.96961270897319,54.931407087366345,61.3015369545965,52.40602937825429,observed,9.195230543189474,4.436416669281101
Michael Wilson,WR,2023,94,2,63.0,124.5,0,0,9.55,19.0,7.323529411764706,0.10314212462587934,90,46.08805046897777,63.62218280635726,65.9889562986795,55.21013266151584,observed,9.898343444801924,9.122082192538073
Tre Tucker,WR,2023,100,2,60.0,129.3,0,0,7.16,21.0,7.605882352941177,0.1,60,45.45686500917693,46.24063136837544,45.98372016946813,45.810211508940085,observed,6.897558025420219,0.35334649976315546
Derius Davis,WR,2023,125,2,120.0,41.2,0,0,4.29,,2.423529411764706,0.08944271909999159,25,43.33613365936497,25.96215469072998,21.96069603104276,34.048925376094395,observed,3.294104404656414,-9.287208283270573
Charlie Jones,WR,2023,131,2,159.0,20.7,0,0,,23.0,1.2176470588235293,0.0873704056661038,30,42.91985032774699,28.85907993039362,,39.06060313951126,imputed_avg,7.5,-3.8592471882357344
Tyler Scott,WR,2023,133,2,135.0,35.900000000000006,0,0,8.61,20.0,2.1117647058823534,0.086710996952412,75,42.78738925706882,54.931407087366345,58.12078811396874,49.33780532620794,observed,8.718118217095311,6.550416069139125
Justin Shorter,WR,2023,150,0,,0.0,0,0,7.94,,0.0,0.08164965809277261,25,41.77067481200274,25.96215469072998,52.51262568444088,37.84898540042299,observed,7.876893852666131,-3.9216894115797487
Dontayvion Wicks,WR,2023,159,2,57.0,130.26,0,0,9.17,20.0,7.66235294117647,0.07930515857181442,75,41.29971513206174,54.931407087366345,62.80820745805175,49.297081165316854,observed,9.421231118707762,7.997366033255112
Puka Nacua,WR,2023,177,2,4.0,331.40000000000003,1,1,5.18,20.0,19.494117647058825,0.07516460280028289,75,40.46796626476347,54.931407087366345,29.410344631460383,43.87152730767901,observed,4.411551694719058,3.403561042915541
Parker Washington,WR,2023,185,2,82.0,97.0,0,0,,18.0,5.705882352941177,0.07352146220938077,100,40.137894554416924,69.41603328568453,,51.86455892719805,imputed_avg,7.5,11.726664372781123
Kayshon Boutte,WR,2023,187,2,67.0,121.9,0,0,4.99,18.0,7.170588235294118,0.07312724241271307,100,40.058704250641924,69.41603328568453,27.81997021114651,48.49795930698253,observed,4.172995531671977,8.439255056340606
Trey Palmer,WR,2023,191,2,64.0,114.4,0,0,6.18,21.0,6.729411764705882,0.07235746052924216,60,39.90407157692072,46.24063136837544,37.78073631732288,41.803367214990196,observed,5.667110447598431,1.899295638069475
A.T. Perry,WR,2023,195,1,102.0,60.6,0,0,9.62,21.0,3.5647058823529414,0.0716114874039433,60,39.75422157217781,46.24063136837544,66.57488371668987,46.04756432252379,observed,9.98623255750348,6.293342750345978
Elijah Higgins,WR,2023,197,0,,0.0,0,0,8.94,21.0,0.0,0.07124704998790965,60,39.6810139100395,46.24063136837544,60.88301737030337,45.157180539496665,observed,9.132452605545506,5.476166629457161
Xavier Hutchinson,WR,2023,205,2,122.0,37.3,0,0,7.27,20.0,2.1941176470588233,0.06984302957695782,75,39.3989763163179,54.931407087366345,46.904463254913,45.96115012697412,observed,7.035669488236949,6.562173810656219
Andrei Iosivas,WR,2023,206,2,71.0,119.9,0,0,9.96,,7.052941176470589,0.06967330142916177,25,39.364881570958204,25.96215469072998,69.42081688988313,39.18231746071706,observed,10.413122533482468,-0.18256411024114527
DeMario Douglas,WR,2023,210,2,48.0,147.70000000000002,0,0,7.34,20.0,8.688235294117648,0.06900655593423542,75,39.23094669825485,54.931407087366345,47.490390672923375,45.96502443064415,observed,7.123558600938506,6.734077732389302
Antoine Green,WR,2023,219,1,200.0,1.2,0,0,8.68,,0.07058823529411765,0.06757373783994859,25,38.94312426746876,25.96215469072998,58.70671553197912,37.36432360528674,observed,8.806007329796868,-1.5788006621820188
Colton Dowell,WR,2023,228,1,199.0,1.3,0,0,9.78,,0.07647058823529412,0.06622661785325219,25,38.672516748846895,25.96215469072998,67.91414638642786,38.61013447414312,observed,10.187121957964179,-0.06238227470377211
Jalen Brooks,WR,2023,244,3,106.0,35.7,0,0,5.6,,2.1,0.06401843996644799,25,38.22894116202099,25.96215469072998,32.92590913952263,33.14011109369438,observed,4.938886370928395,-5.088830068326608
Ronnie Bell,WR,2023,253,2,143.0,30.8,0,0,8.2,19.0,1.811764705882353,0.06286946134619315,90,37.99813599511137,63.62218280635726,54.68892752276512,49.47017110819549,observed,8.203339128414768,11.472035113084118
Grant Dubose,WR,2023,256,1,199.0,3.1,0,0,,20.0,0.1823529411764706,0.0625,75,37.92391913313369,54.931407087366345,,45.68795204714506,imputed_avg,7.5,7.7640329140113735
